{
	"credit": "Wouter",
	"texture_size": [64, 64],
	"textures": {
		"0": "block/ring",
		"particle": "block/ring"
	},
	"elements": [
		{
			"from": [-15, 0, -16],
			"to": [17, 1, -15],
			"faces": {
				"north": {"uv": [0, 0, 8, 0.25], "texture": "#0"},
				"east": {"uv": [5, 3.25, 5.25, 3.5], "texture": "#0"},
				"south": {"uv": [0, 0.25, 8, 0.5], "texture": "#0"},
				"west": {"uv": [5, 3.5, 5.25, 3.75], "texture": "#0"},
				"up": {"uv": [8, 0.75, 0, 0.5], "texture": "#0"},
				"down": {"uv": [8, 0.75, 0, 1], "texture": "#0"}
			}
		},
		{
			"from": [17, 0, -16],
			"to": [31, 1, -15],
			"faces": {
				"north": {"uv": [4.75, 4, 8.25, 4.25], "texture": "#0"},
				"east": {"uv": [5, 3.75, 5.25, 4], "texture": "#0"},
				"south": {"uv": [4.75, 4.25, 8.25, 4.5], "texture": "#0"},
				"west": {"uv": [2, 5.25, 2.25, 5.5], "texture": "#0"},
				"up": {"uv": [5.5, 5.25, 2, 5], "texture": "#0"},
				"down": {"uv": [8.5, 3, 5, 3.25], "texture": "#0"}
			}
		},
		{
			"from": [0, 0, 31],
			"to": [32, 1, 32],
			"rotation": {"angle": 0, "axis": "y", "origin": [16, 0.5, 31.5]},
			"faces": {
				"north": {"uv": [0, 1, 8, 1.25], "texture": "#0"},
				"east": {"uv": [2.25, 5.25, 2.5, 5.5], "texture": "#0"},
				"south": {"uv": [0, 1.25, 8, 1.5], "texture": "#0"},
				"west": {"uv": [2.5, 5.25, 2.75, 5.5], "texture": "#0"},
				"up": {"uv": [8, 1.75, 0, 1.5], "texture": "#0"},
				"down": {"uv": [8, 1.75, 0, 2], "texture": "#0"}
			}
		},
		{
			"from": [-16, 0, 31],
			"to": [0, 1, 32],
			"rotation": {"angle": 0, "axis": "y", "origin": [16, 0.5, 31.5]},
			"faces": {
				"north": {"uv": [1, 3, 5, 3.25], "texture": "#0"},
				"east": {"uv": [2.75, 5.25, 3, 5.5], "texture": "#0"},
				"south": {"uv": [1, 3.25, 5, 3.5], "texture": "#0"},
				"west": {"uv": [3, 5.25, 3.25, 5.5], "texture": "#0"},
				"up": {"uv": [5, 3.75, 1, 3.5], "texture": "#0"},
				"down": {"uv": [5, 3.75, 1, 4], "texture": "#0"}
			}
		},
		{
			"from": [31, 0, -1],
			"to": [32, 1, 31],
			"rotation": {"angle": 0, "axis": "y", "origin": [-15.5, 0.5, 3.25]},
			"faces": {
				"north": {"uv": [3.25, 5.25, 3.5, 5.5], "texture": "#0"},
				"east": {"uv": [0, 2, 8, 2.25], "texture": "#0"},
				"south": {"uv": [5.25, 3.25, 5.5, 3.5], "texture": "#0"},
				"west": {"uv": [0, 2.25, 8, 2.5], "texture": "#0"},
				"up": {"uv": [0.25, 10.5, 0, 2.5], "texture": "#0"},
				"down": {"uv": [0.5, 2.5, 0.25, 10.5], "texture": "#0"}
			}
		},
		{
			"from": [-16, 0, -16],
			"to": [-15, 1, -1],
			"rotation": {"angle": 0, "axis": "y", "origin": [-15.5, 0.5, 3.25]},
			"faces": {
				"north": {"uv": [3.5, 5.25, 3.75, 5.5], "texture": "#0"},
				"east": {"uv": [1, 4, 4.75, 4.25], "texture": "#0"},
				"south": {"uv": [5.25, 3.5, 5.5, 3.75], "texture": "#0"},
				"west": {"uv": [1, 4.25, 4.75, 4.5], "texture": "#0"},
				"up": {"uv": [1.25, 8.25, 1, 4.5], "texture": "#0"},
				"down": {"uv": [1.5, 4.5, 1.25, 8.25], "texture": "#0"}
			}
		},
		{
			"from": [-16, 0, -1],
			"to": [-15, 1, 31],
			"rotation": {"angle": 0, "axis": "y", "origin": [-15.5, 0.5, 3.25]},
			"faces": {
				"north": {"uv": [3.75, 5.25, 4, 5.5], "texture": "#0"},
				"east": {"uv": [0.5, 2.5, 8.5, 2.75], "texture": "#0"},
				"south": {"uv": [5.25, 3.75, 5.5, 4], "texture": "#0"},
				"west": {"uv": [0.5, 2.75, 8.5, 3], "texture": "#0"},
				"up": {"uv": [0.75, 11, 0.5, 3], "texture": "#0"},
				"down": {"uv": [1, 3, 0.75, 11], "texture": "#0"}
			}
		},
		{
			"from": [31, 0, -16],
			"to": [32, 1, -1],
			"rotation": {"angle": 0, "axis": "y", "origin": [-15.5, 0.5, 3.25]},
			"faces": {
				"north": {"uv": [4, 5.25, 4.25, 5.5], "texture": "#0"},
				"east": {"uv": [1.5, 4.5, 5.25, 4.75], "texture": "#0"},
				"south": {"uv": [4.25, 5.25, 4.5, 5.5], "texture": "#0"},
				"west": {"uv": [1.5, 4.75, 5.25, 5], "texture": "#0"},
				"up": {"uv": [1.75, 8.75, 1.5, 5], "texture": "#0"},
				"down": {"uv": [2, 5, 1.75, 8.75], "texture": "#0"}
			}
		}
	],
	"display": {
		"head": {
			"translation": [0, -31, 0],
			"scale": [1.6, 1.6, 1.6]
		}
	}
}