{
	"credit": "Wouter",
	"texture_size": [64, 32],
	"textures": {
		"0": "skin",
		"particle": "skin"
	},
	"elements": [
		{
			"name": "head",
			"from": [4.67604, 23.17205, 4],
			"to": [12.67604, 31.17205, 12],
			"rotation": {"angle": -22.5, "axis": "z", "origin": [8.67604, 26.17205, 8]},
			"faces": {
				"north": {"uv": [2, 4, 4, 8], "texture": "#0"},
				"east": {"uv": [0, 4, 2, 8], "texture": "#0"},
				"south": {"uv": [6, 4, 8, 8], "texture": "#0"},
				"west": {"uv": [4, 4, 6, 8], "texture": "#0"},
				"up": {"uv": [4, 4, 2, 0], "texture": "#0"},
				"down": {"uv": [6, 0, 4, 4], "texture": "#0"}
			}
		},
		{
			"name": "body",
			"from": [4, 11.5, 6],
			"to": [12, 23.5, 10],
			"rotation": {"angle": -22.5, "axis": "y", "origin": [8, 17.5, 8]},
			"faces": {
				"north": {"uv": [5, 10, 7.25, 16], "texture": "#0"},
				"east": {"uv": [4, 10, 5, 16], "texture": "#0"},
				"south": {"uv": [8, 10, 10, 16], "texture": "#0"},
				"west": {"uv": [7, 10, 8, 16], "texture": "#0"},
				"up": {"uv": [1.75, 2.5, 1.25, 2], "texture": "#0"},
				"down": {"uv": [3, 8, 1, 10], "texture": "#0"}
			}
		},
		{
			"name": "right_arm",
			"from": [15.5, 20, 6],
			"to": [27.5, 23, 10],
			"rotation": {"angle": 45, "axis": "z", "origin": [13.5, 17.5, 8]},
			"faces": {
				"north": {"uv": [11, 10, 12, 16], "rotation": 90, "texture": "#0"},
				"east": {"uv": [13, 8, 12, 10], "rotation": 270, "texture": "#0"},
				"south": {"uv": [13, 10, 14, 16], "rotation": 270, "texture": "#0"},
				"west": {"uv": [12, 10, 11, 8], "rotation": 270, "texture": "#0"},
				"up": {"uv": [10, 10, 11, 16], "rotation": 270, "texture": "#0"},
				"down": {"uv": [13, 10, 14, 16], "rotation": 270, "texture": "#0"}
			}
		},
		{
			"name": "right_arm",
			"from": [-1, 11.5, 6],
			"to": [2, 23.5, 10],
			"rotation": {"angle": -22.5, "axis": "z", "origin": [2.5, 17.5, 8]},
			"faces": {
				"north": {"uv": [14, 10, 13, 16], "texture": "#0"},
				"east": {"uv": [11, 10, 10, 16], "texture": "#0"},
				"south": {"uv": [13, 10, 14, 16], "texture": "#0"},
				"west": {"uv": [13, 10, 12, 16], "texture": "#0"},
				"up": {"uv": [11, 8, 12, 10], "rotation": 180, "texture": "#0"},
				"down": {"uv": [13, 8, 12, 10], "rotation": 180, "texture": "#0"}
			}
		},
		{
			"name": "left_leg",
			"from": [8, -0.02198, 8.51253],
			"to": [12, 11.97802, 12.51253],
			"rotation": {"angle": -22.5, "axis": "y", "origin": [10, 5.97802, 10.51253]},
			"faces": {
				"north": {"uv": [1, 10, 2.25, 16], "texture": "#0"},
				"east": {"uv": [0, 10, 1, 16], "texture": "#0"},
				"south": {"uv": [3, 10, 4, 16], "texture": "#0"},
				"west": {"uv": [2, 10, 3, 16], "texture": "#0"},
				"up": {"uv": [2, 10, 1, 8], "texture": "#0"},
				"down": {"uv": [3, 8, 2, 10], "texture": "#0"}
			}
		},
		{
			"name": "left_leg",
			"from": [3, -0.27583, 4.84568],
			"to": [7, 11.72417, 8.84568],
			"rotation": {"angle": 22.5, "axis": "y", "origin": [6, 5.72417, 4.84568]},
			"faces": {
				"north": {"uv": [2.25, 10, 1, 16], "texture": "#0"},
				"east": {"uv": [1, 10, 0, 16], "texture": "#0"},
				"south": {"uv": [4, 10, 3, 16], "texture": "#0"},
				"west": {"uv": [3, 10, 2, 16], "texture": "#0"},
				"up": {"uv": [2, 10, 1, 8], "texture": "#0"},
				"down": {"uv": [3, 8, 2, 10], "texture": "#0"}
			}
		},
		{
			"name": "head_2nd_layer",
			"from": [4.17604, 22.67205, 3.5],
			"to": [13.17604, 31.67205, 12.5],
			"rotation": {"angle": -22.5, "axis": "z", "origin": [8.67604, 26.17205, 8]},
			"faces": {
				"north": {"uv": [10, 4, 12, 8], "texture": "#0"},
				"east": {"uv": [8, 4, 10, 8], "texture": "#0"},
				"south": {"uv": [12, 4, 14, 8], "texture": "#0"},
				"west": {"uv": [14, 4, 16, 8], "texture": "#0"},
				"up": {"uv": [12, 4, 10, 0], "texture": "#0"},
				"down": {"uv": [14, 0, 12, 4], "texture": "#0"}
			}
		},
		{
			"name": "body_2nd_layer",
			"from": [4, 11.02, 5.49],
			"to": [12, 24.03, 10.49],
			"faces": {
				"north": {"uv": [1.25, 4.5, 1.75, 6], "texture": "#0"},
				"east": {"uv": [1, 4.5, 1.25, 6], "texture": "#0"},
				"south": {"uv": [2, 4.5, 2.5, 6], "texture": "#0"},
				"west": {"uv": [1.75, 4.5, 2, 6], "texture": "#0"},
				"up": {"uv": [1.75, 4.5, 1.25, 4], "texture": "#0"},
				"down": {"uv": [2.25, 4, 1.75, 4.5], "texture": "#0"}
			}
		},
		{
			"name": "right_arm_2nd_layer",
			"from": [11.5, 11, 5.5],
			"to": [15.5, 24, 10.5],
			"faces": {
				"north": {"uv": [2.6875, 4.5, 2.875, 6], "texture": "#0"},
				"east": {"uv": [2.5, 4.5, 2.75, 6], "texture": "#0"},
				"south": {"uv": [3.1875, 4.5, 3.375, 6], "texture": "#0"},
				"west": {"uv": [2.9375, 4.5, 3.1875, 6], "texture": "#0"},
				"up": {"uv": [2.9375, 4.5, 2.75, 4], "texture": "#0"},
				"down": {"uv": [3.125, 4, 2.9375, 4.5], "texture": "#0"}
			}
		},
		{
			"name": "left_arm_2nd_layer",
			"from": [0.5, 11, 5.5],
			"to": [4.5, 24, 10.5],
			"faces": {
				"north": {"uv": [3.25, 6.5, 3.4375, 8], "texture": "#0"},
				"east": {"uv": [3, 6.5, 3.25, 8], "texture": "#0"},
				"south": {"uv": [3.6875, 6.5, 3.875, 8], "texture": "#0"},
				"west": {"uv": [3.4375, 6.5, 3.6875, 8], "texture": "#0"},
				"up": {"uv": [3.4375, 6.5, 3.25, 6], "texture": "#0"},
				"down": {"uv": [3.625, 6, 3.4375, 6.5], "texture": "#0"}
			}
		},
		{
			"name": "right_leg_2nd_layer",
			"from": [7.5, -1, 5.5],
			"to": [12.5, 12, 10.5],
			"faces": {
				"north": {"uv": [0.25, 4.5, 0.5, 6], "texture": "#0"},
				"east": {"uv": [0, 4.5, 0.25, 6], "texture": "#0"},
				"south": {"uv": [0.75, 4.5, 1, 6], "texture": "#0"},
				"west": {"uv": [0, 4.5, 0.25, 6], "texture": "#0"},
				"up": {"uv": [0.5, 4.5, 0.25, 4], "texture": "#0"},
				"down": {"uv": [0.75, 4, 0.5, 4.5], "texture": "#0"}
			}
		},
		{
			"name": "left_leg_2nd_layer",
			"from": [3.5, -1, 5.5],
			"to": [8.5, 12, 10.5],
			"faces": {
				"north": {"uv": [0.25, 6.5, 0.5, 8], "texture": "#0"},
				"east": {"uv": [0, 6.5, 0.25, 8], "texture": "#0"},
				"south": {"uv": [0.75, 6.5, 1, 8], "texture": "#0"},
				"west": {"uv": [0.5, 6.5, 0.75, 8], "texture": "#0"},
				"up": {"uv": [0.5, 6.5, 0.25, 6], "texture": "#0"},
				"down": {"uv": [0.75, 6, 0.5, 6.5], "texture": "#0"}
			}
		}
	],
	"display": {
		"thirdperson_righthand": {
			"rotation": [91, 17, 0],
			"translation": [-6.75, -2, -3.75]
		},
		"head": {
			"translation": [0, -29, 0],
			"scale": [1.6, 1.6, 1.6]
		}
	},
	"groups": [
		{
			"name": "alex",
			"origin": [8, 8, 8],
			"color": 0,
			"nbt": "{}",
			"armAnimationEnabled": false,
			"children": []
		},
		{
			"name": "alex",
			"origin": [8, 8, 8],
			"color": 0,
			"nbt": "{}",
			"armAnimationEnabled": false,
			"children": [0, 1, 2, 3, 4, 5, 6, 7, 8, 9, 10, 11]
		}
	]
}