{
	"custom.point": {
		"sounds": [
		    {
			"name": "point"
		    }
		]
	},
	"custom.start": {
		"sounds": [
		    {
			"name": "start"
		    }
		]
	},
	"custom.jump": {
		"sounds": [
		    {
			"name": "jump"
		    }
		]
	},
	"custom.fall": {
		"sounds": [
		    {
			"name": "fall",
			"weight": 50
		    },
		    {
			"name": "fall_01",
			"weight": 50
		    },
		    {
			"name": "fall_02",
			"weight": 50
		    }
		]
	},
	"custom.victory": {
		"sounds": [
		    {
			"name": "victory"
		    }
		]
	},
	"custom.rocket": {
		"sounds": [
		    {
			"name": "rocket"
		    }
		]
	},
	"custom.blind": {
		"sounds": [
		    {
			"name": "blind"
		    }
		]
	},
	"custom.win": {
		"sounds": [
		    {
			"name": "win"
		    }
		]
	},
	"custom.tag": {
		"sounds": [
		    {
			"name": "tag"
		    }
		]
	},
	"custom.hit": {
		"sounds": [
		    {
			"name": "hit"
		    }
		]
	},
	"custom.music": {
		"sounds": [
		    {
			"name": "music",
			"streamline": true
		    }
		]
	}
}