{
	"providers": [{
		"type": "bitmap",
		"file": "minecraft:titles/effect.png",
		"ascent": 8,
		"height": 110,
		"chars": ["❂"]
	},
		{
			"type": "bitmap",
			"file": "minecraft:titles/fade.png",
			"ascent": 500,
			"height": 1000,
			"chars": ["✏"]
		},
		{
			"type": "bitmap",
			"file": "minecraft:titles/death.png",
			"ascent": 30,
			"height": 30,
			"chars": ["✒"]
		},
		{
			"type": "bitmap",
			"file": "minecraft:titles/discord.png",
			"ascent": 20,
			"height": 50,
			"chars": ["↡"]
		},
		{
			"type": "bitmap",
			"file": "minecraft:titles/info.png",
			"ascent": 25,
			"height": 70,
			"chars": ["⤡"]
		},
		{
			"type": "bitmap",
			"file": "minecraft:titles/logo.png",
			"ascent": 55,
			"height": 150,
			"chars": ["⬈"]
		},
		{
			"type": "bitmap",
			"file": "minecraft:titles/logo.png",
			"ascent": 8,
			"height": 60,
			"chars": ["❅"]
		},
		{
			"type": "bitmap",
			"file": "minecraft:titles/player.png",
			"ascent": -30,
			"height": 27,
			"chars": ["⌧"]
		},
		{
			"type": "bitmap",
			"file": "minecraft:titles/gamemode.png",
			"ascent": -30,
			"height": 27,
			"chars": ["➷"]
		},
	{
			"type": "bitmap",
			"file": "minecraft:titles/start.png",
			"ascent": 8,
			"height": 300,
			"chars": ["✹"]
		}]

}