{
	"credit": "Wouter",
	"texture_size": [32, 32],
	"textures": {
		"0": "block/rocket",
		"particle": "block/rocket"
	},
	"elements": [
		{
			"from": [7, 1, 8],
			"to": [8, 4, 9],
			"faces": {
				"north": {"uv": [0.5, 0.5, 1, 2], "texture": "#0"},
				"east": {"uv": [0, 0.5, 0.5, 2], "texture": "#0"},
				"south": {"uv": [1.5, 0.5, 2, 2], "texture": "#0"},
				"west": {"uv": [1, 0.5, 1.5, 2], "texture": "#0"},
				"up": {"uv": [1, 0.5, 0.5, 0], "texture": "#0"},
				"down": {"uv": [1.5, 0, 1, 0.5], "texture": "#0"}
			}
		},
		{
			"from": [6, 4, 7],
			"to": [9, 12, 10],
			"faces": {
				"north": {"uv": [1.5, 5, 3, 9], "texture": "#0"},
				"east": {"uv": [0, 5, 1.5, 9], "texture": "#0"},
				"south": {"uv": [4.5, 5, 6, 9], "texture": "#0"},
				"west": {"uv": [3, 5, 4.5, 9], "texture": "#0"},
				"up": {"uv": [3, 5, 1.5, 3.5], "texture": "#0"},
				"down": {"uv": [4.5, 3.5, 3, 5], "texture": "#0"}
			}
		},
		{
			"from": [5, 12, 6],
			"to": [10, 14, 11],
			"faces": {
				"north": {"uv": [2.5, 2.5, 5, 3.5], "texture": "#0"},
				"east": {"uv": [0, 2.5, 2.5, 3.5], "texture": "#0"},
				"south": {"uv": [7.5, 2.5, 10, 3.5], "texture": "#0"},
				"west": {"uv": [5, 2.5, 7.5, 3.5], "texture": "#0"},
				"up": {"uv": [5, 2.5, 2.5, 0], "texture": "#0"},
				"down": {"uv": [7.5, 0, 5, 2.5], "texture": "#0"}
			}
		},
		{
			"from": [6, 14, 7],
			"to": [9, 15, 10],
			"faces": {
				"north": {"uv": [7.5, 5, 9, 5.5], "texture": "#0"},
				"east": {"uv": [6, 5, 7.5, 5.5], "texture": "#0"},
				"south": {"uv": [10.5, 5, 12, 5.5], "texture": "#0"},
				"west": {"uv": [9, 5, 10.5, 5.5], "texture": "#0"},
				"up": {"uv": [9, 5, 7.5, 3.5], "texture": "#0"},
				"down": {"uv": [10.5, 3.5, 9, 5], "texture": "#0"}
			}
		},
		{
			"from": [7, 15, 8],
			"to": [8, 16, 9],
			"faces": {
				"north": {"uv": [5, 4, 5.5, 4.5], "texture": "#0"},
				"east": {"uv": [4.5, 4, 5, 4.5], "texture": "#0"},
				"south": {"uv": [6, 4, 6.5, 4.5], "texture": "#0"},
				"west": {"uv": [5.5, 4, 6, 4.5], "texture": "#0"},
				"up": {"uv": [5.5, 4, 5, 3.5], "texture": "#0"},
				"down": {"uv": [6, 3.5, 5.5, 4], "texture": "#0"}
			}
		}
	],
	"display": {
		"thirdperson_righthand": {
			"rotation": [69, 0, 0],
			"translation": [-5.25, -10, 4.5],
			"scale": [2, 2, 2]
		},
		"thirdperson_lefthand": {
			"rotation": [71, -32, 0],
			"translation": [-6.25, -10.75, 3],
			"scale": [2, 2, 2]
		},
		"firstperson_righthand": {
			"scale": [0, 0, 0]
		},
		"firstperson_lefthand": {
			"scale": [0, 0, 0]
		},
		"gui": {
			"scale": [0, 0, 0]
		},
		"head": {
			"translation": [0, -19.25, 7.5],
			"scale": [2, 2, 2]
		}
	}
}